{"name":"76cf54e7-b04f-4a6d-8bae-3b34aafce51e","id":"/providers/Microsoft.Flow/flows/76cf54e7-b04f-4a6d-8bae-3b34aafce51e","type":"Microsoft.Flow/flows","properties":{"apiId":"/providers/Microsoft.PowerApps/apis/shared_logicflows","displayName":"Migrate - Lab 1 - Flow 1","definition":{"metadata":{"workflowEntityId":null,"processAdvisorMetadata":null,"flowclientsuspensionreason":"None","flowclientsuspensiontime":null,"flowclientsuspensionreasondetails":null,"creator":{"id":"1df9bc70-73d0-4cd3-96dd-0556d21ff12c","type":"User","tenantId":"00c21c10-6c0b-4daa-a300-750c4d552bed"},"provisioningMethod":"FromDefinition","failureAlertSubscription":true,"clientLastModifiedTime":"2022-10-31T13:54:52.0472728Z"},"$schema":"https://schema.management.azure.com/providers/Microsoft.Logic/schemas/2016-06-01/workflowdefinition.json#","contentVersion":"1.0.0.0","parameters":{"$authentication":{"defaultValue":{},"type":"SecureObject"}},"triggers":{"manual":{"metadata":{"operationMetadataId":"a1c56882-6efc-48d7-805e-e159b237b82d"},"type":"Request","kind":"PowerAppV2","inputs":{"schema":{"type":"object","properties":{"text":{"title":"Name","type":"string","x-ms-dynamically-added":true,"description":"Please enter your input","x-ms-content-hint":"TEXT"}},"required":["text"]}}}},"actions":{"Respond_to_a_PowerApp_or_flow":{"runAfter":{},"metadata":{"operationMetadataId":"5e45a2e9-df48-4637-bcb1-9b5f3177580d"},"type":"Response","kind":"PowerApp","inputs":{"statusCode":200,"body":{"response":"Hi, @{triggerBody()['text']}!","source":"Migration - Lab 1 - Flow 1"},"schema":{"type":"object","properties":{"response":{"title":"Response","x-ms-dynamically-added":true,"type":"string"},"source":{"title":"Source","x-ms-dynamically-added":true,"type":"string"}}}}}}},"connectionReferences":{},"flowFailureAlertSubscribed":false,"isManaged":false}}