{"schemaVersion":"1.0","appDefinitionTemplate":{"id":"/providers/Microsoft.PowerApps/apps/","type":"Microsoft.PowerApps/apps","tags":{"primaryDeviceWidth":"1366","primaryDeviceHeight":"768","supportsPortrait":"true","supportsLandscape":"true","primaryFormFactor":"Tablet","publisherVersion":"3.22102.33","minimumRequiredApiVersion":"2.2.0","hasComponent":"false","hasUnlockedComponent":"false","isUnifiedRootApp":"false","sienaVersion":"20221031T143841Z-3.22102.33.0"},"properties":{"appVersion":"2022-10-31T14:38:41Z","lifeCycleId":"Published","createdByClientVersion":{"major":3,"minor":22102,"build":33,"revision":0,"majorRevision":0,"minorRevision":0},"minClientVersion":{"major":3,"minor":22102,"build":33,"revision":0,"majorRevision":0,"minorRevision":0},"backgroundColor":"rgba(0, 176, 240, 1)","backgroundImageUri":"/6880113345601868469/Nc1886814-5115-497e-b154-c544e4435203-logoSmallFile","displayName":"Migrate - Lab 2 - Canvas App","description":"","commitMessage":"","appUris":{"documentUri":{"value":"/6880113345601868469/N19a355c1-6cce-46e0-9870-3e235c66a57c-document.msapp"},"imageUris":[],"additionalUris":[]},"createdTime":"0001-01-01T00:00:00Z","lastModifiedTime":"0001-01-01T00:00:00Z","sharedGroupsCount":0,"sharedUsersCount":0,"icons":{"smallIconUri":"/6880113345601868469/N07ffe3ed-59a1-4acd-8095-c6d98fd7b06c-small.png","mediumIconUri":"/6880113345601868469/Nc4a158bf-9725-4188-a989-c8904334d624-medium.png","largeIconUri":"/6880113345601868469/Na342278b-f21d-4ced-bdf5-47a83ce3ba0f-large.png","wideIconUri":"/6880113345601868469/N46d6af4e-561f-4846-8133-e08e04ae5e53-wide.png"},"connectionReferences":{"d103f0a1-8c24-46d7-9faf-64e68da1dfb7":{"id":"4a0f62df-9e3e-44f0-9ab3-d9ed47c9e388","displayName":"Logic flows","iconUri":"https://connectoricons-prod.azureedge.net/releases/v1.0.1534/1.0.1534.2605/logicflows/icon.png","dataSources":["Migrate-Lab2-Flow1"],"dependencies":[],"dependents":[],"parameterHints":{"workflowName":{"value":"3a3bb88f-7cbe-400d-a330-c9f3eb7cd27b"},"workflowEntityId":{}},"parameterHintsV2":{"workflowName":{"value":"3a3bb88f-7cbe-400d-a330-c9f3eb7cd27b"},"workflowEntityId":{}},"isOnPremiseConnection":false,"bypassConsent":false,"dataSets":{},"apiTier":"Standard","isCustomApiConnection":false,"actions":["Run"]}},"databaseReferences":{"default.cds":{"databaseDetails":{"referenceType":"Environmental","environmentName":"default.cds","overrideValues":{"status":"NotSpecified"}},"dataSources":{"Users":{"entitySetName":"systemusers","logicalName":"systemuser"}},"actions":["providers/PowerPlatform.Governance/Operations/Read"]}},"almMode":"Environment","performanceOptimizationEnabled":true,"canConsumeAppPass":true,"enableModernRuntimeMode":false,"executionRestrictions":{"isTeamsOnly":false,"dataLossPreventionEvaluationResult":{"status":"Compliant","lastEvaluationDate":"2022-10-31T13:33:01.8680867Z","violations":[],"violationsByPolicy":[],"violationErrorMessage":"The app uses the following connectors: shared_logicflows."},"httpActionRestriction":{"appUsesSharepointHttpAction":false,"enforcementStrategy":"Legacy","evaluationTime":"2022-10-31T13:33:01.8680368Z"}}},"appType":"ClassicCanvasApp","appComponents":[]}}