{"schemaVersion":"1.0","appDefinitionTemplate":{"id":"/providers/Microsoft.PowerApps/apps/","type":"Microsoft.PowerApps/apps","tags":{"primaryDeviceWidth":"1366","primaryDeviceHeight":"768","supportsPortrait":"true","supportsLandscape":"true","primaryFormFactor":"Tablet","publisherVersion":"3.22102.33","minimumRequiredApiVersion":"2.2.0","hasComponent":"false","hasUnlockedComponent":"false","isUnifiedRootApp":"false","sienaVersion":"20221031T143737Z-3.22102.33.0"},"properties":{"appVersion":"2022-10-31T14:37:37Z","lifeCycleId":"Published","createdByClientVersion":{"major":3,"minor":22102,"build":33,"revision":0,"majorRevision":0,"minorRevision":0},"minClientVersion":{"major":3,"minor":22102,"build":33,"revision":0,"majorRevision":0,"minorRevision":0},"backgroundColor":"rgba(0, 176, 240, 1)","backgroundImageUri":"/17453521422021452407/N75408d63-042e-444d-ace5-fd5c500febc3-logoSmallFile","displayName":"Migrate - Lab 3 - Canvas App","description":"","commitMessage":"","appUris":{"documentUri":{"value":"/17453521422021452407/N669a8cee-1e1b-4750-b60c-b04628adcbe7-document.msapp"},"imageUris":[],"additionalUris":[]},"createdTime":"0001-01-01T00:00:00Z","lastModifiedTime":"0001-01-01T00:00:00Z","sharedGroupsCount":0,"sharedUsersCount":0,"icons":{"smallIconUri":"/17453521422021452407/N86336814-3a4b-4b2d-9ac0-9ed6186d2e26-small.png","mediumIconUri":"/17453521422021452407/N363bb14f-243e-4e31-b484-285d2ad296a4-medium.png","largeIconUri":"/17453521422021452407/N8b3f2fae-fbf5-4dab-9dc7-eb8ee459914b-large.png","wideIconUri":"/17453521422021452407/N38005981-dabc-4f37-af2a-bff94bd7b942-wide.png"},"connectionReferences":{"b4a190f8-88bc-4c49-899e-abbc8e1da728":{"id":"4a0f62df-9e3e-44f0-9ab3-d9ed47c9e388","displayName":"Logic flows","iconUri":"https://connectoricons-prod.azureedge.net/releases/v1.0.1534/1.0.1534.2605/logicflows/icon.png","dataSources":["Migrate-Lab3-Flow1"],"dependencies":[],"dependents":[],"parameterHints":{"workflowName":{"value":"b8c0656b-986d-4ee0-b2da-808f36ef3eb7"},"workflowEntityId":{}},"parameterHintsV2":{"workflowName":{"value":"b8c0656b-986d-4ee0-b2da-808f36ef3eb7"},"workflowEntityId":{}},"isOnPremiseConnection":false,"bypassConsent":false,"dataSets":{},"apiTier":"Standard","isCustomApiConnection":false,"actions":["Run"]},"4ab29ef0-890b-43c5-b3ce-3de1d676cb72":{"id":"03043392-9eda-4fec-9e6c-9a8b2e8f79eb","displayName":"Migrate - Lab 3 - Connector 1","iconUri":"https://az787822.vo.msecnd.net/defaulticons/api-dedicated.png","dataSources":["Migrate-Lab3-Connector1"],"dependencies":[],"dependents":[],"parameterHints":{},"parameterHintsV2":{},"isOnPremiseConnection":false,"bypassConsent":false,"dataSets":{},"apiTier":"Standard","isCustomApiConnection":true,"actions":["People-List"]}},"databaseReferences":{"default.cds":{"databaseDetails":{"referenceType":"Environmental","environmentName":"default.cds","overrideValues":{"status":"NotSpecified"}},"dataSources":{"Users":{"entitySetName":"systemusers","logicalName":"systemuser"}},"actions":["providers/PowerPlatform.Governance/Operations/Read"]}},"almMode":"Environment","performanceOptimizationEnabled":true,"canConsumeAppPass":true,"enableModernRuntimeMode":false,"executionRestrictions":{"isTeamsOnly":false,"dataLossPreventionEvaluationResult":{"status":"Compliant","lastEvaluationDate":"2022-10-31T13:59:12.8916581Z","violations":[],"violationsByPolicy":[],"violationErrorMessage":"The app uses the following connectors: shared_logicflows, shared_commondataservice."},"httpActionRestriction":{"appUsesSharepointHttpAction":false,"enforcementStrategy":"Legacy","evaluationTime":"2022-10-31T13:59:12.8916035Z"}}},"appType":"ClassicCanvasApp","appComponents":[]}}