{"schemaVersion":"1.0","appDefinitionTemplate":{"id":"/providers/Microsoft.PowerApps/apps/","type":"Microsoft.PowerApps/apps","tags":{"primaryDeviceWidth":"1366","primaryDeviceHeight":"768","supportsPortrait":"true","supportsLandscape":"true","primaryFormFactor":"Tablet","publisherVersion":"3.22102.33","minimumRequiredApiVersion":"2.2.0","hasComponent":"false","hasUnlockedComponent":"false","isUnifiedRootApp":"false","sienaVersion":"20221031T143930Z-3.22102.33.0"},"properties":{"appVersion":"2022-10-31T14:39:30Z","lifeCycleId":"Published","createdByClientVersion":{"major":3,"minor":22102,"build":33,"revision":0,"majorRevision":0,"minorRevision":0},"minClientVersion":{"major":3,"minor":22102,"build":33,"revision":0,"majorRevision":0,"minorRevision":0},"backgroundColor":"RGBA(0,176,240,1)","backgroundImageUri":"/4361895995987114777/N1d974cc9-0546-482f-9713-e99a68d085fb-logoSmallFile","displayName":"Migrate - Lab 1 - Canvas App","description":"","commitMessage":"","appUris":{"documentUri":{"value":"/4361895995987114777/N1f77fa5c-d705-4934-8384-90f3b7b0a558-document.msapp"},"imageUris":[],"additionalUris":[]},"createdTime":"0001-01-01T00:00:00Z","lastModifiedTime":"0001-01-01T00:00:00Z","sharedGroupsCount":0,"sharedUsersCount":0,"icons":{"smallIconUri":"/4361895995987114777/Nff657799-e9b2-4468-a30b-999dee17c604-small.png","mediumIconUri":"/4361895995987114777/N46069d0d-b24d-4e46-98b1-bcd5067bf45b-medium.png","largeIconUri":"/4361895995987114777/Na9e263e1-8105-44cd-862c-a280eadcbb0f-large.png","wideIconUri":"/4361895995987114777/N2cf15b8a-41d1-4c11-bdb2-82d226f4f4a0-wide.png"},"connectionReferences":{"16665a64-1395-44b2-a2cd-bede98ead65d":{"id":"4a0f62df-9e3e-44f0-9ab3-d9ed47c9e388","displayName":"Logic flows","iconUri":"https://connectoricons-prod.azureedge.net/releases/v1.0.1534/1.0.1534.2605/logicflows/icon.png","dataSources":["Migrate-Lab1-Flow1"],"dependencies":[],"dependents":[],"parameterHints":{"workflowName":{"value":"d2052a74-6611-4c8e-ac72-cd331a498a63"},"workflowEntityId":{}},"parameterHintsV2":{"workflowName":{"value":"d2052a74-6611-4c8e-ac72-cd331a498a63"},"workflowEntityId":{}},"isOnPremiseConnection":false,"bypassConsent":false,"dataSets":{},"apiTier":"Standard","isCustomApiConnection":false,"actions":["Run"]}},"databaseReferences":{},"almMode":"Environment","performanceOptimizationEnabled":true,"canConsumeAppPass":true,"enableModernRuntimeMode":false,"executionRestrictions":{"isTeamsOnly":false,"dataLossPreventionEvaluationResult":{"status":"Compliant","lastEvaluationDate":"2022-10-31T13:07:27.8690554Z","violations":[],"violationsByPolicy":[],"violationErrorMessage":"The app uses the following connectors: shared_logicflows."},"httpActionRestriction":{"appUsesSharepointHttpAction":false,"enforcementStrategy":"Legacy","evaluationTime":"2022-10-31T13:07:27.869009Z"}}},"appType":"ClassicCanvasApp","appComponents":[]}}